id,section,question,option1,option2,option3,option4,correct
1,"Fundamentos del Motor",¿El motor de cuatro tiempos recibe ese nombre por?,Tiene cuatro cilindros.,Realiza cuatro explosiones por ciclo.,El pistón completa cuatro carreras por ciclo.,Necesita cuatro vueltas del cigüeñal.,El pistón completa cuatro carreras por ciclo.
2,"Fundamentos del Motor",En un motor de cuatro tiempos, el árbol de levas gira:,Dos veces por ciclo.,Una vez por ciclo.,A la misma velocidad del cigüeñal.,Tres veces por ciclo.,Una vez por ciclo.
3,"Fundamentos del Motor",En un motor de dos tiempos. ¿Qué ciclos de funcionamiento se realizan?,Solo admisión y escape.,Compresión y escape únicamente.,Admisión, compresión, expansión y escape superpuestos.,Expansión y admisión únicamente.,Admisión, compresión, expansión y escape superpuestos.
4,"Fundamentos del Motor",En PMS el volumen del cilindro es:,Máximo,Intermedio,Igual al desplazamiento,Mínimo,Mínimo
5,"Fundamentos del Motor",En PMI el volumen del cilindro es:,Máximo,Mínimo,Intermedio,Igual al desplazamiento,Máximo
6,"Fundamentos del Motor",La combustión en un motor diésel ocurre por:,Chispa,Detonación,Compresión,Fricción,Compresión
7,"Fundamentos del Motor",La gasolina es:,Una mezcla de hidrocarburos,Un solo compuesto C8H18,Un derivado sólido del petróleo,Un compuesto formado por alcohol,Una mezcla de hidrocarburos
8,"Fundamentos del Motor",El triángulo del fuego está compuesto por:,Combustible, comburente y calor,Combustible, agua y aire,Aire, aceite y gasolina,Calor, aceite y CO₂,Combustible, comburente y calor
9,"Fundamentos del Motor",Un facto de Lambda = 1.10 indica:,Mezcla rica,Mezcla pobre,Mezcla neutra,Detonación,Mezcla pobre
10,"Fundamentos del Motor",Una relación de mezcla aire–combustible 8:1 es:,Estequiométrica,Rica,Pobre,Neutra,Rica
11,"Fundamentos del Motor",El octanaje en el combustible indica:,Poder calorífico,Resistencia a la detonación,Densidad del combustible,Punto de ebullición,Resistencia a la detonación
12,"Fundamentos del Motor",¿Qué mide el sensor MAF?,Presión,Flujo de aire,Temperatura del refrigerante,Aceleración,Flujo de aire
13,"Fundamentos del Motor",¿Qué mide el sensor MAP?,Masa de aire,Ángulo del acelerador,Presión en el colector de admisión,Temperatura del aire,Presión en el colector de admisión
14,"Fundamentos del Motor",El valor estequiométrico aire–gasolina es:,12.5:1,10:1,16:1,14.7:1,14.7:1
15,"Fundamentos del Motor",Mezcla pobre se da cuando:,λ < 1,λ > 1,λ = 1,λ = 0,λ > 1
16,"Fundamentos del Motor",Mezcla rica se da cuando:,λ = 1,λ > 1,λ < 1,λ = 2,λ < 1
17,"Fundamentos del Motor",¿Cómo se denomina al inserto metálico donde se desplaza el pistón?,Camisa,Asiento,Taqué,Guía,Camisa
18,"Fundamentos del Motor",La operación de mecanizado de bruñido genera:,Rayas oblicuas para retener aceite,Una superficie perfecta tipo espejo,Una cámara de combustión rugosa,Un canal de lubricación interno,Rayas oblicuas para retener aceite
19,"Fundamentos del Motor",Cual componente convierte el movimiento lineal del pistón en rotación:,Árbol de levas,Volante,Biela,Cigüeñal,Cigüeñal
20,"Fundamentos del Motor",Una bujía caliente significa que:,Disipa poco calor,Enfría demasiado,Produce más chispa,Opera a baja temperatura,Disipa poco calor
21,"Fundamentos del Motor",La correa de distribución sincroniza:,Bomba de gasolina y alternador,Cigüeñal y árbol de levas,Pistón con biela,Bomba de aceite con cigüeñal,Cigüeñal y árbol de levas
22,"Fundamentos del Motor",Un motor Otto enciende mediante:,Compresión,Chispa,Auto–encendido,Detonación,Chispa
23,"Fundamentos del Motor",La bomba eléctrica de combustible moderna en vehículos a gasolina se encuentra en:,El block,El cabezote,El tanque de combustible,La línea de retorno,El tanque de combustible
24,"Fundamentos del Motor",En motores carburados, la mezcla se genera en el:,Inyector,Carburador,Sensor MAF,Bomba mecánica,Carburador
25,"Fundamentos del Motor",Función principal del radiador:,Aumentar presión,Disipar calor del refrigerante,Filtrar aceite,Ajustar mezcla,Disipar calor del refrigerante
26,"Fundamentos del Motor",¿Qué ciclo mantiene la presión constante durante la combustión?,Otto,Diésel,Atkinson,Miller,Diésel
27,"Fundamentos del Motor",¿Cuál es el ángulo de inyección típico en diésel IDI?,15°,30°,45°,60°,30°
28,"Fundamentos del Motor",Componente que adelanta la inyección en bomba rotativa:,Válvula reguladora,Avance centrífugo,Corrector de humo,Válvula de descarga,Avance centrífugo
29,"Fundamentos del Motor",Elemento que NO pertenece a una bomba rotativa:,Cabezal hidráulico,Pistón distribuidor,Variador de vacío,Eje de mando,Variador de vacío
30,"Fundamentos del Motor",El retardo de ignición del diésel se mide con:,Índice Octano,Reid,Cetano,Viscosidad,Cetano
31,"Fundamentos del Motor",Cual es el sistema encargado de transformar los óxidos de nitrógeno con la adición de urea.,EGR,Catalizador 3 vías,SCR,DPF,SCR
32,"Fundamentos del Motor",Sistema que reduce el material particulado (PM):,DPF,EVAP,SCR,PCV,DPF
33,"Fundamentos del Motor",La cilindrada indica:,Tamaño del motor,Temperatura de trabajo,Eficiencia,Consumo,Tamaño del motor
34,"Fundamentos del Motor",La relación de compresión es:,Vmáx / Vmín,Vmín / Vmáx,Vcámara / Vdesplazamiento,Vcámara – Vmín,Vmáx / Vmín
35,"Fundamentos del Motor",Un motor sobrecuadrado posee:,Diámetro mayor que carrera,Carrera mayor que diámetro,Carrera igual al diámetro,Relación 1:1,Diámetro mayor que carrera
36,"Fundamentos del Motor",La menor eficiencia del ciclo Otto es:,Eficiencia térmica,Volumétrica,Mecánica,De combustión,Eficiencia térmica
37,"Fundamentos del Motor",La presión media efectiva (PME) representa:,La presión en el múltiple,Una presión teórica equivalente del ciclo,La presión máxima del cilindro,La presión del aceite,Una presión teórica equivalente del ciclo
38,"Fundamentos del Motor",La potencia es:,Fuerza del pistón,Capacidad de realizar trabajo por unidad de tiempo,Revoluciones del motor,Presión en admisión,Capacidad de realizar trabajo por unidad de tiempo
39,"Fundamentos del Motor",¿Qué caracteriza a un motor en línea?:,Rodillos en bancada,Cilindros alineados verticalmente,Cámara epitrocoidal,Doble árbol,Cilindros alineados verticalmente
40,"Fundamentos del Motor",Un motor bóxer posee:,Cilindros en V,Cilindros opuestos horizontalmente,Un solo pistón central,Rotor triangular,Cilindros opuestos horizontalmente
41,"Fundamentos del Motor",Motor en V se caracteriza por:,Cilindros opuestos,Cilindros inclinados formando un ángulo,Cilindros en línea,Acople de engranajes,Cilindros inclinados formando un ángulo
42,"Fundamentos del Motor",La válvula de admisión abre normalmente:,Justo en PMS,Antes del PMS,En PMI,Después del PMI,Antes del PMS
43,"Fundamentos del Motor",El ángulo donde ambas válvulas están abiertas se llama:,Precombustión,Cavitación,Traslape,Expansión,Traslape
44,"Fundamentos del Motor",En sistemas modernos, el encendido lo controla la:,PCV,ECU,MAF,EGR,ECU
45,"Fundamentos del Motor",Si salta un diente de la correa de distribución:,El motor pierde sincronización,Mejora la eficiencia,Aumenta la compresión,Baja el ralenti,El motor pierde sincronización
46,"Fundamentos del Motor",El aceite más viscoso a temperatura de trabajo es:,5W30,10W30,15W40,10W50,10W50
47,"Fundamentos del Motor",Función de la válvula PCV:,Enviar gases del cárter a la admisión,Aumentar compresión,Reducir NOx,Enfriar mezcla,Enviar gases del cárter a la admisión
48,"Fundamentos del Motor",Si la PCV se bloquea:,Aumenta presión en cárter,Baja el consumo,Mejora el ralenti,Se reduce la fricción,Aumenta presión en cárter
49,"Fundamentos del Motor",Humo azul en escape indica:,Agua,Aceite quemado,Mezcla pobre,Hollín,Aceite quemado
50,"Fundamentos del Motor",La bomba de aceite envía lubricante a:,Múltiple,Zonas de fricción,Radiador,Escape,Zonas de fricción
51,"Fundamentos del Motor",Sistemas anticontaminantes modernos diésel incluyen:,Filtro de aire y EGR,DPF, SCR y catalizador de oxidación,VVT + EVAP,Solo catalizador 3 vías,DPF, SCR y catalizador de oxidación
52,"Fundamentos del Motor",¿Qué parámetro permite comparar motores de distinta cilindrada?:,RPM,PME,Consumo,Torque,PME
53,"Fundamentos del Motor",¿Qué ocurre al rectificar una culata?:,Disminuye la compresión,Aumenta la relación de compresión,Baja temperatura,Se aumenta la holgura,Aumenta la relación de compresión
54,"Fundamentos del Motor",¿Qué gasolina reduce más la detonación?:,Gasolina con bajo octanaje,Gasolina con alto octanaje,Gasolina aromática,Gasolina sin aditivos,Gasolina con alto octanaje
55,"Fundamentos del Motor",¿Qué herramienta mide la holgura real entre muñón y cojinete?:,Torquímetro,Plastigage,Calibrador,Galga plástica,Plastigage
56,"Fundamentos del Motor",Rectificado de cigüeñal se hace con:,Lijas abrasivas,Muelas abrasivas,Fresa carburada,Disco diamantado,Muelas abrasivas
57,"Fundamentos del Motor",El motor Wankel usa dos bujías porque:,Tiene doble cámara,La cámara es alargada y mejora la combustión,Enciende combustible sobrante,Permite ralentí más estable,La cámara es alargada y mejora la combustión
58,"Fundamentos del Motor",Forma del rotor Wankel:,Hexagonal,Triangular,Circular,Cuadrada,Triangular
59,"Fundamentos del Motor",Los puertos de admisión y escape del motor Wankel se llaman:,Válvulas,Lumbreras,Puertos rotativos,Cámaras secundarias,Lumbreras
60,"Fundamentos del Motor",La cámara del motor Wankel es:,Circular,Trapezoidal,Epitrocoidal,Cilíndrica,Epitrocoidal
61,"Fundamentos del Motor",¿Cuál es el principal problema ambiental del motor Wankel?:,CO₂,HC sin quemar,SO₂,NOx,HC sin quemar
62,"Fundamentos del Motor",¿Qué lubricación adicional requiere el motor Wankel?:,Aceite en admisión para sellos,Cárter húmedo,Lubricación por salpicadura,Cárter seco completo,Aceite en admisión para sellos
63,"Fundamentos del Motor",Parámetro fundamental del combustible diésel:,Aditivos aromáticos,Cetano,Octano,Densidad,Cetano
64,"Fundamentos del Motor",¿Qué NO influye en la detonación?:,Temperatura,Relación de compresión,Color del combustible,Octanaje,Color del combustible
65,"Fundamentos del Motor",¿Qué condición aumenta formación de hollín en diésel?:,Exceso de aire,Mezcla rica,Alta humedad,Baja temperatura,Mezcla rica
66,"Fundamentos del Motor",¿Qué sistema reduce NOx?:,PCV,SCR,DPF,EVAP,SCR
67,"Fundamentos del Motor",El trabajo neto del ciclo se obtiene de:,Diagrama PV,Diagrama lambda,Curva de potencia,Mapa de avance,Diagrama PV
68,"Fundamentos del Motor",La eficiencia térmica en un motor aumenta con:,Menor compresión,Mayor compresión,Mayor mezcla rica,Menor temperatura,Mayor compresión
69,"Fundamentos del Motor",¿Dónde se encuentra la bomba Common Rail?:,En el tanque,Acoplada al árbol de levas, alta presión,En múltiples de admisión,En eje primario,Acoplada al árbol de levas, alta presión
70,"Fundamentos del Motor",¿Qué regula la presión de combustible en sistemas multipunto?:,Regulador,ECU,Sensor ECT,Bomba de vacío,Regulador
71,"Fundamentos del Motor",¿Qué sistema controla la mezcla en tiempo real?:,Carburador,Inyección electrónica,PCV,Válvula EGR,Inyección electrónica
72,"Fundamentos del Motor",¿Qué componente determina el tiempo exacto de encendido?:,Sensor CKP,ECT,MAF,IAC,Sensor CKP
73,"Fundamentos del Motor",¿Qué ocurre si el termostato queda cerrado?:,Ralentí alto,Sobrecalentamiento,Mezcla pobre,Baja potencia,Sobrecalentamiento
74,"Fundamentos del Motor",¿Cuánto aceite se mezcla en proporción 50:1 con 100 L de gasolina en 2T?:,1 L,2 L,5 L,10 L,2 L
75,"Fundamentos del Motor",¿Qué parámetro de eficiencia depende del ciclo termodinámico?:,Eficiencia térmica,Eficiencia de mezcla,Eficiencia eléctrica,Eficiencia de lubricación,Eficiencia térmica
76,"Inyección Electrónica",El código de falla P0302 indica una falla en el cilindro 2. ¿A qué tipo pertenece este código?,Genérico,Específico del fabricante,De red,De comunicación,Genérico
77,"Inyección Electrónica",En los DTC OBD-II, ¿qué identifica el primer carácter (letra)?,"El sistema del vehículo (P, B, C o U)","El tipo de error","La severidad de la falla",El fabricante,"El sistema del vehículo (P, B, C o U)"
78,"Inyección Electrónica",¿Dónde se conecta el escáner de diagnóstico OBD-II?,En el módulo PCM,En el conector del alternador,"En el conector de diagnóstico (DLC)",En el sensor de oxígeno,"En el conector de diagnóstico (DLC)"
79,"Inyección Electrónica",¿Qué sistema utiliza un hilo caliente como entrada principal para medir masa de aire?,Jetronic K,Jetronic L,Jetronic LH,D-Jetronic,Jetronic LH
80,"Inyección Electrónica",¿Qué sensor ajusta la mezcla aire-combustible según la carga del motor?,MAF,MAP,TPS,ECT,MAP
81,"Inyección Electrónica",Un vehículo no arranca. DTC almacenado: P0342. ¿Cuál es la causa más probable?,Sensor CKP defectuoso,Sensor CMP defectuoso,Falta de combustible,Bujías en corto,Sensor CMP defectuoso
82,"Inyección Electrónica",¿Qué relación aire-combustible corresponde a mezcla rica?,13:1,15:1,17:1,19:1,13:1
83,"Inyección Electrónica",El código P0301 indica falla de encendido en el cilindro 1. ¿Qué significa el dígito 0 en el código?,Falla genérica,Falla específica del fabricante,Falla de comunicación,Falla intermitente,Falla genérica
84,"Inyección Electrónica",¿Qué sensor detecta la velocidad de giro del cigüeñal?,CMP,CKP,TPS,ECT,CKP
85,"Inyección Electrónica",Un motor presenta humo negro y mezcla rica. ¿Cuál podría ser la causa?,Sensor MAP defectuoso,Presión de combustible alta,Filtro de aire limpio,Sensor TPS desconectado,Presión de combustible alta
86,"Inyección Electrónica",¿Qué tipo de sensor mide la temperatura del refrigerante?,MAP,TPS,ECT,MAF,ECT
87,"Inyección Electrónica",¿Cuál de las siguientes afirmaciones es cierta sobre un fallo común en el sistema de inyección MPI?,La válvula de control de presión está obstruida.,"La sonda lambda está funcionando correctamente.","La computadora del motor no está conectada.",El filtro de combustible está limpio.,La válvula de control de presión está obstruida.
88,"Inyección Electrónica",¿Qué podría causar un aumento en el consumo de combustible en un sistema de inyección MPI?,Una presión de combustible baja.,Un exceso de presión de combustible.,Inyectores de combustible obstruidos.,Válvulas de admisión selladas.,Inyectores de combustible obstruidos.
89,"Inyección Electrónica",¿Cuál es un síntoma de un regulador de presión de combustible defectuoso en un sistema MPI?,Pérdida de potencia del motor.,Exceso de humo en el escape.,Presión de combustible inconsistente.,Altas revoluciones en ralentí.,Presión de combustible inconsistente.
90,"Inyección Electrónica",¿Qué función cumple el sensor de posición del pedal del acelerador en un sistema de inyección MPI?,Controlar la temperatura del motor.,Regular la presión del combustible.,Medir la cantidad de aire admitido.,Monitorear la posición del pedal del acelerador.,Monitorear la posición del pedal del acelerador.
91,"Inyección Electrónica",¿Cuál es un posible efecto de una bujía defectuosa en un motor con sistema de inyección MPI?,Aumento de la eficiencia del combustible.,"Encendido irregular o dificultades para arrancar.","Reducción de las emisiones de escape.",Mejora en el rendimiento del ralentí.,Encendido irregular o dificultades para arrancar.
92,"Inyección Electrónica",¿Qué podría causar una mezcla de combustible y aire demasiado rica en un sistema de inyección MPI?,Filtro de aire obstruido.,Sensor de oxígeno defectuoso.,Baja presión de combustible.,"Inyectores de combustible con exceso de limpieza.",Sensor de oxígeno defectuoso.
93,"Inyección Electrónica",¿Qué podría causar un ralentí inestable en un motor con sistema de inyección MPI?,Válvula de mariposa atascada.,Bujías en buen estado.,Sensor de posición del cigüeñal defectuoso.,Filtro de aire limpio.,Válvula de mariposa atascada.
94,"Inyección Electrónica",¿Qué función cumple la sonda lambda en un sistema de inyección MPI?,Medir la cantidad de aire admitido.,Controlar la presión del combustible.,Monitorear y ajustar la mezcla aire-combustible.,Regular la temperatura del escape.,Monitorear y ajustar la mezcla aire-combustible.
95,"Inyección Electrónica",Al analizar un oscilograma de la tasa de inyección en un sistema GDI, ¿cómo se vería una variación irregular en la duración de la inyección?,Reducción en la duración de la inyección durante la fase de carga.,Puede indicar problemas en la sincronización de los inyectores o en el sistema de control.,Variación en la frecuencia de la señal.,Aumento constante en la duración de la inyección.,Puede indicar problemas en la sincronización de los inyectores o en el sistema de control.
96,"Inyección Electrónica",¿Cuál podría ser la causa de una duración de inyección variable durante la fase de ralentí en un sistema MPI?,Sensor de posición del acelerador en buen estado.,Buena calidad de combustible.,Posibles problemas en el sistema de control de ralentí.,Filtro de combustible obstruido.,Posibles problemas en el sistema de control de ralentí.
97,"Inyección Electrónica",¿Cómo se vería un oscilograma afectado por una válvula de inyección que se cierra lentamente durante la fase de carga en un sistema MPI?,Reducción en la duración de la inyección.,Aumento en la duración de la inyección durante la fase de ralentí.,Variación en la frecuencia de la señal.,Prolongación en la duración de la inyección.,Prolongación en la duración de la inyección.
98,"Inyección Electrónica",Una forma de onda de inyección que muestra un pico de corriente demasiado alto durante la deceleración. ¿Qué indica?,Normal funcionamiento en deceleración,Posibles problemas en el sistema de control de inyección durante la deceleración,Reducción en las emisiones de CO,Mayor eficiencia del sistema EGR,Posibles problemas en el sistema de control de inyección durante la deceleración
99,"Inyección Electrónica",¿Qué componente del sistema de inyección regula la presión constante de combustible en el riel (rail)?,"Bomba de alta presión","Regulador de presión de combustible","Sensor de presión absoluta del múltiple (MAP)","Válvula de mariposa electrónica",Regulador de presión de combustible
100,"Inyección Electrónica",En los sistemas Common Rail Diésel, ¿qué función cumple el sensor de presión del riel (Rail Pressure Sensor)?,"Mide la temperatura del combustible.","Mide la masa de aire.","Determina la cantidad de combustible a inyectar.","Informa a la ECU la presión exacta del combustible.",Informa a la ECU la presión exacta del combustible.
101,"Inyección Electrónica",Un código DTC P0171 indica que el sistema está demasiado pobre (Lean) en el Banco 1. ¿Cuál es una causa posible?,"Presión de combustible excesiva.","Fuga de vacío después del sensor MAF.","Inyector de combustible goteando.","Sensor de oxígeno defectuoso indicando mezcla rica.",Fuga de vacío después del sensor MAF.
102,"Inyección Electrónica",¿Cuál es la función del sensor de posición del cigüeñal (CKP) en la inyección electrónica?,"Determinar el tiempo de encendido y la velocidad del motor.","Medir la masa de aire.","Controlar la apertura de la válvula EGR.","Monitorear la temperatura del catalizador.",Determinar el tiempo de encendido y la velocidad del motor.
103,"Inyección Electrónica",En un sistema de inyección secuencial multipunto (MPI), ¿cuándo se inyecta el combustible?,"Simultáneamente en todos los cilindros.","De forma grupal (por bancos de cilindros).","Individualmente en cada cilindro, sincronizado con la válvula de admisión.","Continuamente en el múltiple de admisión.",Individualmente en cada cilindro, sincronizado con la válvula de admisión.
104,"Inyección Electrónica",¿Qué sensor es el principal responsable de la corrección del "trim de combustible" a largo plazo (Long Term Fuel Trim)?,"Sensor de posición del acelerador (TPS)","Sensor de oxígeno (Sonda Lambda)","Sensor de temperatura del aire de admisión (IAT)","Sensor de detonación (Knock Sensor)",Sensor de oxígeno (Sonda Lambda)
105,"Inyección Electrónica",Una resistencia de 1.5 ohmios medida en un inyector de combustible indica que es un inyector de tipo:,"Alta impedancia (High Impedance)","Baja impedancia (Low Impedance)","Piezoeléctrico","Mecánico",Baja impedancia (Low Impedance)
106,"Inyección Electrónica",¿Cuál es el valor estequiométrico ideal (lambda = 1) para la mezcla aire-combustible en motores de gasolina?,"12.5:1","14.7:1","16.2:1","10.0:1",14.7:1
107,"Inyección Electrónica",El modo de "bucle abierto" (Open Loop) ocurre típicamente cuando:,"El motor está caliente y funcionando en crucero.","Se está calentando el motor o el sensor de oxígeno no ha alcanzado su temperatura.","El vehículo circula a alta velocidad.","El pedal del acelerador se suelta (ralentí forzado).",Se está calentando el motor o el sensor de oxígeno no ha alcanzado su temperatura.
108,"Inyección Electrónica",¿Qué tipo de sensor MAF mide la masa de aire utilizando un alambre calentado, y cuya suciedad afecta gravemente la medición?,"Vane Airflow Sensor","Hot Wire (Hilo Caliente)","Karman Vortex Sensor","Cold Wire",Hot Wire (Hilo Caliente)
109,"Inyección Electrónica",Un inyector de gasolina que gotea (no cierra correctamente) puede causar:,"Mezcla pobre y sobrecalentamiento.","Mezcla rica, humo negro y problemas de arranque en caliente.","Baja presión de combustible en el riel.","Aumento de potencia del motor.",Mezcla rica, humo negro y problemas de arranque en caliente.
110,"Inyección Electrónica",¿Qué herramienta de diagnóstico se utiliza para ver la forma de onda de voltaje/corriente de un inyector o sensor en función del tiempo?,"Multímetro digital.","Manómetro de combustible.","Osciloscopio.","Luz estroboscópica.",Osciloscopio.
111,"Inyección Electrónica",¿Qué es el "Duty Cycle" o ciclo de trabajo de un inyector?,"El tiempo que el inyector permanece abierto.","La frecuencia de la señal que lo activa.","El porcentaje de tiempo que el inyector está energizado en un ciclo de motor.","El número de veces que inyecta por ciclo.",El porcentaje de tiempo que el inyector está energizado en un ciclo de motor.
112,"Inyección Electrónica",El sistema EVAP (Evaporative Emission Control System) tiene la función de:,"Reciclar los gases de escape.","Capturar y procesar los vapores de combustible del tanque.","Aumentar la presión del combustible.","Controlar la velocidad de ralentí.",Capturar y procesar los vapores de combustible del tanque.
113,"Inyección Electrónica",En el diagnóstico de un sensor MAP, si el motor está en ralentí (vacío alto), el voltaje de señal debe ser:,"Alto (cercano a 5V)","Bajo (cercano a 1V)","Variable sin patrón fijo","Constante a 2.5V",Bajo (cercano a 1V)
114,"Inyección Electrónica",¿Cuál es la función del calentador (heater) en un sensor de oxígeno de cuatro hilos (Zirconia)?,"Aumentar la presión en el escape.","Permitir que el sensor alcance la temperatura operativa más rápido.","Medir la temperatura del gas de escape.","Generar la señal de voltaje.",Permitir que el sensor alcance la temperatura operativa más rápido.
115,"Inyección Electrónica",La inyección directa de gasolina (GDI) inyecta el combustible:,"En el múltiple de admisión.","Directamente en la cámara de combustión.","Antes de la válvula de mariposa.","En el cárter del motor.",Directamente en la cámara de combustión.
116,"Inyección Electrónica",En un sistema GDI, ¿qué presiones de combustible son comunes?,"Baja presión (3-5 bar)","Media presión (20-50 bar)","Alta presión (50-200 bar)","Presión de vacío",Alta presión (50-200 bar)
117,"Inyección Electrónica",¿Qué tipo de sensor de oxígeno (Lambda) se utiliza para mediciones más precisas y se encuentra comúnmente en GDI?,"Narrowband (Banda estrecha)","Wideband (Banda ancha)","Calentado de un solo hilo","Mecánico",Wideband (Banda ancha)
118,"Inyección Electrónica",Si la señal del sensor TPS (Throttle Position Sensor) no varía al presionar el acelerador, el motor podría presentar:,"Ralentí estable.","Funcionamiento normal.","Dificultad para acelerar o entrar en modo de emergencia (limp mode).","Alto consumo de combustible.",Dificultad para acelerar o entrar en modo de emergencia (limp mode).
119,"Inyección Electrónica",¿Qué significa la letra "B" en un código de falla OBD-II como B0001?,"Tren de fuerza (Powertrain)","Carrocería (Body)","Chasis (Chassis)","Red de comunicación (Network)",Carrocería (Body)
120,"Inyección Electrónica",¿Qué componente controla la cantidad de aire que entra al múltiple de admisión en ralentí si no hay válvula de mariposa electrónica?,"Válvula PCV","Válvula EGR","Válvula IAC (Idle Air Control)","Bomba de aire secundario",Válvula IAC (Idle Air Control)
121,"Inyección Electrónica",El combustible "diésel" se inyecta en la cámara de combustión durante la fase de:,"Admisión","Compresión","Expansión","Escape",Compresión
122,"Inyección Electrónica",El pre-encendido (pre-ignition) en un motor de gasolina se debe a:,"Bujía fría.","Exceso de combustible.","Puntos calientes en la cámara de combustión (antes de la chispa).","Uso de gasolina con alto octanaje.",Puntos calientes en la cámara de combustión (antes de la chispa).
123,"Inyección Electrónica",¿Qué función tiene el "Turbocharger" o turbocompresor?,"Reducir el consumo de combustible.","Enfriar el aire de admisión.","Forzar más aire al motor (sobrealimentación).","Controlar el encendido.",Forzar más aire al motor (sobrealimentación).
124,"Inyección Electrónica",En la inyección Common Rail, ¿quién genera la muy alta presión de combustible?,"La bomba de transferencia.","La bomba de alta presión.","El regulador de presión.","Los inyectores piezoeléctricos.",La bomba de alta presión.
125,"Inyección Electrónica",¿Qué es la "dosificación piloto" (Pilot Injection) en sistemas diésel modernos?,"Una inyección para encender el motor.","Una inyección pequeña antes de la principal para reducir el ruido y las emisiones.","La inyección principal de potencia.","La inyección después de la combustión para regeneración del DPF.",Una inyección pequeña antes de la principal para reducir el ruido y las emisiones.
126,"Inyección Electrónica",Un DTC P0201 indica una falla en el circuito del inyector del cilindro 1. ¿Qué se debe verificar primero con un multímetro?,"Resistencia del inyector y voltaje de alimentación.","Presión de combustible.","Sincronización del árbol de levas.","Temperatura del refrigerante.",Resistencia del inyector y voltaje de alimentación.
127,"Inyección Electrónica",¿Qué efecto tiene una presión de combustible demasiado baja en un sistema MPI?,"Mezcla rica y humo negro.","Mezcla pobre, fallos de encendido y falta de potencia.","Ralentí alto.","Mejor combustión.",Mezcla pobre, fallos de encendido y falta de potencia.
128,"Inyección Electrónica",La inyección electrónica ajusta el tiempo de inyección (ancho de pulso) basándose principalmente en las lecturas de:,"Sensor de velocidad de rueda y ABS.","Sensor MAF/MAP y Sonda Lambda.","Sensor de presión de neumáticos.","Sensor de nivel de aceite.",Sensor MAF/MAP y Sonda Lambda.
129,"Inyección Electrónica",¿Cuál es la función del catalizador de tres vías?,"Reducir el consumo.","Convertir CO, HC y NOx en H₂O, CO₂ y N₂.","Aumentar la potencia.","Filtrar partículas sólidas.",Convertir CO, HC y NOx en H₂O, CO₂ y N₂.
130,"Inyección Electrónica",Si el motor está en "Condición de inundación" (flooded), la ECU:,"Aumenta el tiempo de inyección.","Corta la inyección y mantiene la chispa (Modo Clear Flood).","Activa el ventilador.","Cierra la válvula EGR.",Corta la inyección y mantiene la chispa (Modo Clear Flood).
131,"Inyección Electrónica",¿Qué puede causar que un sensor MAF informe de un flujo de aire menor al real?,"Un filtro de aire nuevo.","Una fuga de vacío después del sensor.","Obstrucción o suciedad en el hilo caliente.","Alta presión de combustible.",Obstrucción o suciedad en el hilo caliente.
132,"Inyección Electrónica",Un DTC P0420 ("Eficiencia del sistema catalizador por debajo del umbral") generalmente indica un fallo en:,"El sensor de oxígeno antes del catalizador.","El sensor de oxígeno después del catalizador o el catalizador mismo.","El sensor CKP.","La bomba de combustible.",El sensor de oxígeno después del catalizador o el catalizador mismo.
133,"Inyección Electrónica",¿Qué es el "Adaptive Learning" o aprendizaje adaptativo de la ECU?,"La capacidad de actualizar el software.","La capacidad de ajustar los mapas de combustible a largo plazo basándose en las condiciones operativas.","La memorización de las estaciones de radio.","El control de la velocidad de crucero.",La capacidad de ajustar los mapas de combustible a largo plazo basándose en las condiciones operativas.
134,"Inyección Electrónica",¿Qué sensor utiliza el "Efecto Hall" para generar una señal de onda cuadrada digital?,"Sensor de temperatura.","Sensor de presión.","Sensor CKP/CMP inductivo.","Sensor CKP/CMP de Efecto Hall.",Sensor CKP/CMP de Efecto Hall.
135,"Inyección Electrónica",En la inyección Common Rail, el inyector es accionado por:,"El árbol de levas.","La presión hidráulica del aceite.","Una señal eléctrica (solenoide o piezoeléctrico).","Un cable mecánico.",Una señal eléctrica (solenoide o piezoeléctrico).
136,"Inyección Electrónica",¿Qué voltaje de señal es típico para un sensor de oxígeno Narrowband (Zirconia) en mezcla rica?,"Cercano a 0.1 V","Cercano a 0.9 V","Constante a 0.45 V","Variable de 2.5 V a 5 V",Cercano a 0.9 V
137,"Inyección Electrónica",Una falla en la válvula EGR (Exhaust Gas Recirculation) puede causar:,"Mezcla pobre y sobrecalentamiento.","Aumento de la temperatura de la cámara de combustión y mayores emisiones de NOx.","Mejor aceleración.","Mejor economía de combustible.",Aumento de la temperatura de la cámara de combustión y mayores emisiones de NOx.
138,"Inyección Electrónica",¿Qué prueba se utiliza para comprobar la hermeticidad (sellado) de un inyector?,"Prueba de estanqueidad (Leak Test).","Prueba de caudal.","Prueba de resistencia.","Prueba de aceleración.",Prueba de estanqueidad (Leak Test).
139,"Inyección Electrónica",Si la ECU detecta un cortocircuito a masa en el circuito de control de un inyector, ¿qué acción toma típicamente?,"Aumenta el voltaje.","Corta el pulso de inyección (para proteger la ECU y el inyector).","Activa el ventilador.","Ignora la falla.",Corta el pulso de inyección (para proteger la ECU y el inyector).
140,"Inyección Electrónica",¿Qué componente protege el circuito de control de la ECU de los picos de voltaje inducidos por el inyector al desconectarse?,"Fusible.","Diodo Zener o circuito de protección (snubber circuit).","Resistor.","Capacitor.",Diodo Zener o circuito de protección (snubber circuit).
141,"Inyección Electrónica",Un oscilograma de inyector que muestra una "joroba" o pico de voltaje inicial al activarse (antes del pulso principal) indica:,"Falla del inyector.","Inyector de baja impedancia (requiere resistor externo).","Inyector piezoeléctrico.","Normal funcionamiento en inyectores de alta impedancia.",Normal funcionamiento en inyectores de alta impedancia.
142,"Inyección Electrónica",¿Qué efecto tiene un sensor IAT (Intake Air Temperature) que informa una temperatura muy baja (aire frío)?,"La ECU empobrece la mezcla.","La ECU enriquece la mezcla (asumiendo aire denso).","La ECU ignora el sensor.","La ECU cierra la EGR.",La ECU enriquece la mezcla (asumiendo aire denso).
143,"Inyección Electrónica",¿Cuál es el significado de "lambda" en el control de lazo cerrado (Closed Loop)?,"Presión de combustible.","Relación de la mezcla real respecto a la estequiométrica.","Voltaje de la batería.","Temperatura del motor.",Relación de la mezcla real respecto a la estequiométrica.
144,"Inyección Electrónica",Si un motor diésel con Common Rail falla al arrancar, pero tiene buena presión de riel, ¿cuál es la causa más probable?,"Bomba de alta presión dañada.","Fallo en el control de los inyectores (eléctrico/ECU) o fuga excesiva.","Filtro de aire sucio.","Sensor MAF defectuoso.",Fallo en el control de los inyectores (eléctrico/ECU) o fuga excesiva.
145,"Inyección Electrónica",¿Qué elemento controla la apertura de la mariposa de aceleración en un sistema Drive-by-Wire (acelerador electrónico)?,"Un cable de acero.","Un motor eléctrico (motor de mariposa).","El vacío del múltiple.","El pedal del acelerador directamente.",Un motor eléctrico (motor de mariposa).
146,"Inyección Electrónica",Un "Injector Buzz Test" o prueba de zumbido de inyectores comprueba:,"La presión de combustible.","Si los inyectores están eléctricamente operativos (solenoide).","Si la ECU está enviando pulso de inyección.","El caudal de inyección.",Si los inyectores están eléctricamente operativos (solenoide).
147,"Inyección Electrónica",El "Boost Pressure Sensor" o sensor de presión de sobrealimentación mide la presión en:,"El tanque de combustible.","El cárter.","El múltiple de admisión después del turbo.","El sistema de frenos.",El múltiple de admisión después del turbo.
148,"Inyección Electrónica",La estrategia "Deceleration Fuel Cut-Off" (DFCO) se utiliza para:,"Proteger el motor.","Aumentar la potencia.","Reducir emisiones y consumo durante la desaceleración (corte de inyección).","Enriquecer la mezcla.",Reducir emisiones y consumo durante la desaceleración (corte de inyección).
149,"Inyección Electrónica",¿Qué componente se utiliza para almacenar los vapores de combustible en el sistema EVAP?,"El filtro de combustible.","El canister de carbón activado.","El catalizador.","El resonador.",El canister de carbón activado.
150,"Inyección Electrónica",¿Qué puede causar que el "Short Term Fuel Trim" (STFT) esté consistentemente en valores negativos (-)?,"Mezcla pobre (poca gasolina).","Mezcla rica (demasiada gasolina), la ECU intenta reducir el combustible.","Sensor MAF defectuoso.","Fuga de vacío.",Mezcla rica (demasiada gasolina), la ECU intenta reducir el combustible.
151,"Inyección Electrónica",Si el motor falla solo en ralentí, y el problema se resuelve desconectando la manguera PCV, la causa probable es:,"Válvula PCV atascada abierta (fuga de vacío).","Bujías dañadas.","Bomba de combustible ruidosa.","Presión de combustible alta.",Válvula PCV atascada abierta (fuga de vacío).
152,"Inyección Electrónica",La medición de caudal (flow rate) de los inyectores indica:,"La resistencia eléctrica.","La cantidad de combustible inyectada en un tiempo determinado.","La presión que generan.","El tiempo de respuesta.",La cantidad de combustible inyectada en un tiempo determinado.
153,"Inyección Electrónica",¿Cuál es la función del "Injector Driver" dentro de la ECU?,"Almacenar los códigos de falla.","Proporcionar la conexión a tierra controlada (negativo) para activar el inyector.","Suministrar los 12V al inyector.","Medir la resistencia del inyector.",Proporcionar la conexión a tierra controlada (negativo) para activar el inyector.
154,"Inyección Electrónica",El "Knock Sensor" (Sensor de detonación) detecta:,"La velocidad del motor.","Vibraciones anormales del motor (detonación o cascabeleo).","La temperatura del escape.","La presión del aceite.",Vibraciones anormales del motor (detonación o cascabeleo).
155,"Inyección Electrónica",Cuando el sensor de detonación detecta cascabeleo, la ECU:,"Aumenta el avance del encendido.","Retrasa el avance del encendido.","Aumenta el tiempo de inyección.","Cierra la válvula EGR.",Retrasa el avance del encendido.
156,"Inyección Electrónica",¿Qué problema puede generar un arnés de cableado dañado (rozado) del sensor de oxígeno, causando un corto a positivo?,"Señal de 0 V (mezcla pobre)","Señal de 5 V (mezcla rica falsa)","Señal de 2.5 V constante.","Señal intermitente.",Señal de 5 V (mezcla rica falsa)
157,"Inyección Electrónica",Un oscilograma de un inyector piezoeléctrico diésel se caracteriza por:,"Un solo pulso largo.","Múltiples pulsos (pre-inyección, principal y post-inyección).","Un pulso cuadrado constante.","Una onda sinusoidal.",Múltiples pulsos (pre-inyección, principal y post-inyección).
158,"Inyección Electrónica",En sistemas de inyección Common Rail, el DRV (Pressure Control Valve) o regulador de caudal se encuentra en:,"El riel (rail).","La línea de retorno.","La bomba de alta presión.","El tanque de combustible.",La bomba de alta presión.
159,"Inyección Electrónica",¿Qué ocurre si el sensor ECT (Engine Coolant Temperature) falla e informa a la ECU que el motor está siempre frío?,"Ralentí bajo y consumo reducido.","Mezcla rica excesiva, alto consumo y posible humo negro.","Mezcla pobre y sobrecalentamiento.","El motor no arranca.",Mezcla rica excesiva, alto consumo y posible humo negro.
160,"Inyección Electrónica",El sistema "VVT" (Variable Valve Timing) o distribución variable tiene como objetivo principal:,"Reducir el peso del motor.","Optimizar el rendimiento y las emisiones en todo el rango de RPM.","Simplificar la distribución.","Reducir la fricción.",Optimizar el rendimiento y las emisiones en todo el rango de RPM.
161,"Inyección Electrónica",En un sistema GDI, ¿qué capa de inyección (layering) se utiliza para arrancar el motor en frío?,"Inyección homogénea.","Inyección estratificada.","Inyección de retorno.","Inyección de baja presión.",Inyección homogénea.
162,"Inyección Electrónica",¿Qué es el "Pump Scope" o prueba de bomba de combustible?,"Medir el ruido de la bomba.","Medir el consumo de corriente de la bomba para evaluar su estado mecánico.","Medir la presión en el riel.","Medir la temperatura de la bomba.",Medir el consumo de corriente de la bomba para evaluar su estado mecánico.
163,"Inyección Electrónica",Un voltaje de referencia (VREF) de 5V es común para alimentar:,"Inyectores de combustible.","Sondas lambda.","Sensores MAP, TPS y algunos CKP/CMP.","El alternador.",Sensores MAP, TPS y algunos CKP/CMP.
164,"Inyección Electrónica",Si el motor está en "Modo de Circuito Abierto Forzado" debido a un fallo en el sensor de oxígeno, la ECU utiliza valores preestablecidos llamados:,"Datos de adaptación (Learning Data).","Mapas de respaldo (Default Maps) o Modo de Emergencia (Limp Home).","Códigos de falla genéricos.","Datos de DTC.",Mapas de respaldo (Default Maps) o Modo de Emergencia (Limp Home).
165,"Inyección Electrónica",En la inyección Common Rail, si la presión del riel cae de forma repentina durante la aceleración, la causa más probable es:,"Fallo del sensor MAP.","Filtro de aire obstruido.","Fuga en el riel o fallo de la bomba de alta presión (pérdida de caudal).","Bujías defectuosas.",Fuga en el riel o fallo de la bomba de alta presión (pérdida de caudal).
166,"Inyección Electrónica",¿Qué prueba se utiliza para comprobar la capacidad del inyector para atomizar correctamente el combustible?,"Prueba de resistencia.","Prueba de patrón de pulverización (Spray Pattern Test).","Prueba de tiempo de respuesta.","Prueba de presión del riel.",Prueba de patrón de pulverización (Spray Pattern Test).
167,"Inyección Electrónica",La regeneración activa en un DPF (Diesel Particulate Filter) se logra mediante:,"Aumento de la presión de admisión.","Inyección de combustible después de la combustión para aumentar la temperatura del escape.","Activación del aire acondicionado.","Reducción de la presión del riel.",Inyección de combustible después de la combustión para aumentar la temperatura del escape.
168,"Inyección Electrónica",¿Qué sensor mide la presión diferencial a través del DPF?,"Sensor de presión barométrica.","Sensor de presión de combustible.","Sensor de presión diferencial del filtro de partículas.","Sensor de temperatura del escape.",Sensor de presión diferencial del filtro de partículas.
169,"Inyección Electrónica",Un voltaje constante de 0.45V en un sensor de oxígeno Narrowband después de calentar el motor indica:,"Mezcla perfectamente estequiométrica (ideal).","El sensor está "congelado" o defectuoso (no oscila).","Mezcla rica.","Mezcla pobre.",El sensor está "congelado" o defectuoso (no oscila).
170,"Inyección Electrónica",¿Qué código DTC se relaciona con fallas del sistema EVAP, como tapa de combustible suelta o manguera rota?,"P0300","P0420","P0440 (o similares, P044X)","P0171","P0440 (o similares, P044X)"
171,"Inyección Electrónica",El caudalímetro (MAF) de hilo caliente opera midiendo:,"El vacío generado en el múltiple.","La cantidad de corriente necesaria para mantener el hilo a una temperatura constante.","La humedad del aire.","La velocidad del motor.",La cantidad de corriente necesaria para mantener el hilo a una temperatura constante.
172,"Inyección Electrónica",¿Qué componente está directamente controlado por la señal PWM (Pulse Width Modulation) de la ECU?,"El volante de inercia.","El inyector de combustible o la válvula IAC.","El sensor CKP.","La bomba de aceite.",El inyector de combustible o la válvula IAC.
173,"Inyección Electrónica",En un motor GDI, el sensor de NOx se utiliza para:,"Medir el caudal de aire.","Controlar la cantidad de óxidos de nitrógeno para el post-tratamiento de gases.","Medir la temperatura del motor.","Determinar la posición del pedal.",Controlar la cantidad de óxidos de nitrógeno para el post-tratamiento de gases.
174,"Inyección Electrónica",El "Adaptive Cruise Control" (Control de Crucero Adaptativo) afecta a la inyección electrónica al:,"Modificar la presión de aceite.","Solicitar a la ECU un aumento o disminución de la aceleración (demanda de par).","Controlar el sistema ABS.","Desactivar el freno de mano.",Solicitar a la ECU un aumento o disminución de la aceleración (demanda de par).
175,"Inyección Electrónica",¿Qué fenómeno ocurre cuando el motor se apaga y el combustible sigue encendiéndose de forma incontrolada (run-on)?,"Detonación.","Ralentí.","Dieseling (Autoencendido).","Subviraje.",Dieseling (Autoencendido).
176,"Inyección Electrónica",Si el motor sufre de "Vapor Lock" (bloqueo por vapor), la causa es:,"Aire en el sistema de frenos.","Vaporización del combustible en la línea debido al calor, impidiendo el flujo de líquido.","Presión alta de combustible.","Inyectores tapados.",Vaporización del combustible en la línea debido al calor, impidiendo el flujo de líquido.
177,"Inyección Electrónica",La principal desventaja de la inyección multipunto (MPI) comparada con GDI es:,"Menor costo.","Mayor complejidad.","Menor control de la mezcla en la cámara y menor eficiencia a baja carga.","Mayor riesgo de suciedad en inyectores.",Menor control de la mezcla en la cámara y menor eficiencia a baja carga.
178,"Inyección Electrónica",En la inyección Common Rail, si se realiza un test de fugas en el retorno de inyectores y uno de ellos tiene un caudal excesivo, la consecuencia es:,"Ralentí inestable o fallo de arranque (pérdida de presión en el riel).","Aumento de potencia.","Mezcla rica.","Humo azul.",Ralentí inestable o fallo de arranque (pérdida de presión en el riel).
179,"Inyección Electrónica",¿Qué mide un sensor de "Wideband" (Banda ancha) o LSU (Linear Switching Unit)?,"El voltaje de la batería.","La presión del múltiple.","La concentración exacta de oxígeno en el escape (valor lambda).","La vibración del motor.",La concentración exacta de oxígeno en el escape (valor lambda).
180,"Inyección Electrónica",El principio de funcionamiento del sensor de presión de riel Common Rail se basa en:,"Efecto Hall.","Piezorresistencia (Strain Gauge).","Hilo caliente.","Termistor.",Piezorresistencia (Strain Gauge).
181,"Inyección Electrónica",Un oscilograma de un sensor CKP inductivo debe mostrar una señal:,"Cuadrada limpia.","Sinusoidal (AC) con amplitud creciente con la velocidad.","Constante de 5 V.","Aleatoria.",Sinusoidal (AC) con amplitud creciente con la velocidad.
182,"Inyección Electrónica",¿Qué indica una prueba de fugas del sistema EVAP si se aplica humo y este sale por el tapón del combustible?,"El sistema está perfecto.","El tapón está defectuoso o mal cerrado.","La válvula de purga está abierta.","El canister está saturado.",El tapón está defectuoso o mal cerrado.
183,"Inyección Electrónica",Si se requiere aumentar el octanaje de la gasolina, ¿qué componente se añade?,"Azufre.","Tetraetilo de plomo o aditivos oxigenados (etanol, MTBE).","Agua.","Sal.",Tetraetilo de plomo o aditivos oxigenados (etanol, MTBE).
184,"Inyección Electrónica",La unidad de control electrónico (ECU) de la inyección se conoce comúnmente como:,"TCM","PCM (Powertrain Control Module) o ECM","BCM","ABS Module","PCM (Powertrain Control Module) o ECM"
185,"Inyección Electrónica",¿Cuál es la función del "Throttle Body Heater" (calentador del cuerpo de aceleración)?,"Evitar que el combustible se congele.","Evitar la formación de hielo en la placa de la mariposa por la caída de presión.","Calentar el sensor TPS.","Aumentar el ralentí.",Evitar la formación de hielo en la placa de la mariposa por la caída de presión.
186,"Inyección Electrónica",Si el motor está en "Condición de mezcla estratificada" (GDI), la inyección ocurre principalmente:,"Durante la carrera de admisión.","Al inicio de la carrera de compresión.","Durante el escape.","Durante la carrera de potencia.",Al inicio de la carrera de compresión.
187,"Inyección Electrónica",Un código DTC P0121 se refiere a un problema de rango/rendimiento del circuito del sensor:,"MAF.","MAP.","TPS (o Sensor de Posición del Pedal).","ECT.","TPS (o Sensor de Posición del Pedal)."
188,"Inyección Electrónica",¿Qué acción se debe tomar después de reemplazar un cuerpo de aceleración electrónico (Drive-by-Wire)?,"Reemplazar el filtro de aire.","Realizar un "reaprendizaje de ralentí" o adaptación (Throttle Body Relearn).","Cambiar las bujías.","Pisar el acelerador a fondo 10 veces.",Realizar un "reaprendizaje de ralentí" o adaptación (Throttle Body Relearn).
189,"Inyección Electrónica",Si un motor tiene un encendido tardío (Ignition Retard), el efecto es:,"Aumento de potencia.","Aumento de la temperatura del gas de escape y pérdida de eficiencia.","Menor consumo.","Ralentí más estable.",Aumento de la temperatura del gas de escape y pérdida de eficiencia.
190,"Inyección Electrónica",El "Crankshaft Target Wheel" (rueda fónica del cigüeñal) es utilizada por el sensor CKP para determinar:,"La presión de aceite.","La posición y velocidad angular del cigüeñal (sincronización).","La presión barométrica.","La temperatura.",La posición y velocidad angular del cigüeñal (sincronización).
191,"Inyección Electrónica",¿Qué es el "Pitching" en el control de inyección?,"El balanceo lateral del vehículo.","La cantidad de combustible que queda en el tanque.","La compensación de combustible por los movimientos longitudinales del vehículo (aceleración/frenado).","El ruido del motor.",La compensación de combustible por los movimientos longitudinales del vehículo (aceleración/frenado).
192,"Inyección Electrónica",Un problema de comunicación entre la ECU del motor y otros módulos (por ejemplo, ABS) se codifica con la letra:,"P","B","C","U (Network Communication)","U (Network Communication)"
193,"Inyección Electrónica",¿Qué sistema utiliza el sensor de oxígeno para monitorear la eficiencia de post-combustión?,"EGR.","Catalizador (Sonda post-catalizador).","VVT.","PCV.","Catalizador (Sonda post-catalizador)."
194,"Inyección Electrónica",En la inyección Common Rail, la válvula IMR o PCV (Pressure Control Valve) en el riel, se encarga de:,"Regular el caudal de la bomba.","Aliviar el exceso de presión del riel.","Controlar la temperatura del combustible.","Medir la presión.",Aliviar el exceso de presión del riel.
195,"Inyección Electrónica",¿Qué significa que un sistema de inyección es "Returnless" (sin retorno)?,"No tiene bomba de combustible.","El regulador de presión está en el tanque o el filtro, y no hay línea de retorno al tanque.","El combustible no regresa al riel.","Solo se usa en diésel.",El regulador de presión está en el tanque o el filtro, y no hay línea de retorno al tanque.
196,"Inyección Electrónica",El "Manifold Absolute Pressure" (MAP) se mide en:,"Kilogramos.","Miligramos/segundo.","Pascal o Bar (presión absoluta).","Grados Celsius.",Pascal o Bar (presión absoluta).
197,"Inyección Electrónica",Si el motor está en "Modo de Prueba de Humo" (Smog Test Mode), la ECU:,"Ignora las fallas temporales.","Ejecuta todos los monitores de emisiones para la certificación.","Aumenta el ralentí.","Corta el encendido.",Ejecuta todos los monitores de emisiones para la certificación.
198,"Inyección Electrónica",¿Qué tipo de sensor CKP/CMP utiliza un imán permanente y una bobina?,"Efecto Hall.","Inductivo.","Piezoeléctrico.","Resistivo.",Inductivo.
199,"Inyección Electrónica",La inyección electrónica diésel moderna se diferencia de la antigua (mecánica) por:,"La ausencia de pistones.","El control de inyección y presión completamente electrónico (solenoides/piezoeléctricos y Common Rail).","El uso de bujías.","El mayor octanaje del combustible.",El control de inyección y presión completamente electrónico (solenoides/piezoeléctricos y Common Rail).
200,"Inyección Electrónica",¿Cuál es el propósito del "High Side Driver" en la ECU para el control del inyector?,"Controlar la conexión a tierra.","Suministrar el voltaje positivo al inyector.","Medir el caudal.","Ajustar la presión.",Suministrar el voltaje positivo al inyector.
201,"Inyección Electrónica",Un alto valor de "Fuel Trim" positivo (+) indica que la ECU está:,"Quitando combustible (mezcla rica).","Agregando combustible (mezcla pobre, compensando).","Ignorando los sensores.","Activando la EGR.",Agregando combustible (mezcla pobre, compensando).
202,"Inyección Electrónica",¿Qué puede causar una lectura errónea de mezcla rica (alta tensión) en el sensor de oxígeno, si no hay realmente mezcla rica?,"Un agujero en el escape antes del sensor.","Cortocircuito del cable de señal a positivo de batería.","Fuga de aire en el múltiple de admisión.","Baja presión de combustible.",Cortocircuito del cable de señal a positivo de batería.
203,"Inyección Electrónica",Si un motor con GDI funciona en modo "estratificado", ¿cuál es el rango típico de lambda?,"λ = 1 (estequiométrico).","λ < 1 (rico).","λ > 1 (pobre, hasta 1.5-2).","λ = 0.","λ > 1 (pobre, hasta 1.5-2)."
204,"Inyección Electrónica",La prueba de compresión relativa (Relative Compression Test) con osciloscopio se realiza midiendo:,"El voltaje del sensor MAP.","El consumo de corriente del motor de arranque.","La presión en el riel.","La señal del inyector.",El consumo de corriente del motor de arranque.
205,"Inyección Electrónica",En el oscilograma del sensor de posición del árbol de levas (CMP), la sincronización se verifica con la señal de:,"El sensor IAT.","El sensor CKP.","El sensor TPS.","La sonda lambda.",El sensor CKP.
206,"Inyección Electrónica",¿Cuál es una causa común de un DTC P030X intermitente (fallo de encendido)?,"Bujía, bobina o cable intermitente (fisura).","Filtro de aire tapado.","Presión de aceite baja.","Bomba de agua dañada.",Bujía, bobina o cable intermitente (fisura).
207,"Inyección Electrónica",Si la señal del sensor de velocidad del vehículo (VSS) es errónea, la ECU puede fallar en:,"Ajustar el ralentí y el control de crucero.","Medir la temperatura del aire.","Activar la bomba de combustible.","Controlar la presión de aceite.",Ajustar el ralentí y el control de crucero.
208,"Inyección Electrónica",El combustible diésel utiliza el **Índice de Cetano** para medir:,"Su resistencia a la detonación.","Su tendencia a autoencenderse (menor retraso de ignición).","Su viscosidad.","Su punto de ebullición.",Su tendencia a autoencenderse (menor retraso de ignición).
209,"Inyección Electrónica",En un motor de gasolina, el **Índice de Octano** mide:,"La facilidad con la que se quema.","La presión de vapor.","Su resistencia a la detonación (pre-encendido).","La cantidad de azufre.",Su resistencia a la detonación (pre-encendido).
210,"Inyección Electrónica",¿Qué función cumple la **Válvula de Purga (Purge Valve)** del sistema EVAP?,"Ventilar el tanque constantemente.","Controlar el flujo de vapores de combustible almacenados en el canister hacia el múltiple de admisión.","Aumentar la presión del turbo.","Bloquear el flujo de combustible.",Controlar el flujo de vapores de combustible almacenados en el canister hacia el múltiple de admisión.
211,"Inyección Electrónica",Un **problema eléctrico** de cortocircuito a tensión en el cable de señal de un sensor de temperatura (ECT/IAT) que usa un termistor (NTC) resultará en una lectura:,"Muy baja (motor muy frío).","Muy alta (motor muy caliente).","Fluctuante.","Constante de 0 V.",Muy baja (motor muy frío).
212,"Inyección Electrónica",La prueba de **equilibrio de potencia (Power Balance Test)** se utiliza para:,"Medir el consumo de corriente de la batería.","Medir la contribución individual de cada cilindro al rendimiento del motor (desactivando la chispa/inyección uno por uno).","Ajustar la presión de aceite.","Revisar el filtro de aire.",Medir la contribución individual de cada cilindro al rendimiento del motor (desactivando la chispa/inyección uno por uno).
213,"Inyección Electrónica",En el oscilograma de inyección de un inyector de baja impedancia, se puede observar un circuito de control de corriente que reduce el amperaje a:,"0 A.","Un valor de "Holding Current" o corriente de retención.","10 A.","El voltaje de la batería.",Un valor de "Holding Current" o corriente de retención.
214,"Inyección Electrónica",¿Cuál es el significado de "MIL" en el contexto de diagnóstico OBD-II?,"Módulo de inyección lineal.","Lámpara indicadora de mal funcionamiento (Malfunction Indicator Lamp).","Módulo de control de ralentí.","Máximo impacto de luces.",Lámpara indicadora de mal funcionamiento (Malfunction Indicator Lamp).
215,"Inyección Electrónica",Un **código DTC Tipo A** (más severo) requiere que la MIL (Check Engine) se encienda en:,"El segundo ciclo de manejo de la falla.","Inmediatamente en el primer ciclo de manejo de la falla.","Después de 40 ciclos de manejo.","Solo en ralentí.",Inmediatamente en el primer ciclo de manejo de la falla.
216,"Inyección Electrónica",La **prueba de "Key On, Engine Off" (KOEO)** en un escáner:,"Arranca el motor de forma remota.","Verifica los circuitos eléctricos del sistema de inyección y la ECU sin arrancar el motor.","Mide la presión de aceite.","Sincroniza el CKP y el CMP.",Verifica los circuitos eléctricos del sistema de inyección y la ECU sin arrancar el motor.
217,"Inyección Electrónica",¿Qué problema eléctrico provoca que la ECU pierda la alimentación de memoria (Keep Alive Memory)?,"Fallo en el sensor MAF.","Batería o fusible de memoria (o constante) desconectado.","Filtro de combustible obstruido.","Cortocircuito en el sensor de oxígeno.",Batería o fusible de memoria (o constante) desconectado.
218,"Inyección Electrónica",Una forma de onda de inyección que muestra un pico de corriente demasiado alto durante la deceleración. ¿Qué indica?,Normal funcionamiento en deceleración,Posibles problemas en el sistema de control de inyección durante la deceleración,Reducción en las emisiones de CO,Mayor eficiencia del sistema EGR,Posibles problemas en el sistema de control de inyección durante la deceleración
219,"Inyección Electrónica",Al analizar un oscilograma de la tasa de inyección en un sistema GDI, ¿cómo se vería una variación irregular en la duración de la inyección?,Reducción en la duración de la inyección durante la fase de carga.,Puede indicar problemas en la sincronización de los inyectores o en el sistema de control.,Variación en la frecuencia de la señal.,Aumento constante en la duración de la inyección.,Puede indicar problemas en la sincronización de los inyectores o en el sistema de control.
220,"Inyección Electrónica",¿Cuál podría ser la causa de una duración de inyección variable durante la fase de ralentí en un sistema MPI?,Sensor de posición del acelerador en buen estado.,Buena calidad de combustible.,Posibles problemas en el sistema de control de ralentí.,Filtro de combustible obstruido.,Posibles problemas en el sistema de control de ralentí.
221,"Inyección Electrónica",¿Cómo se vería un oscilograma afectado por una válvula de inyección que se cierra lentamente durante la fase de carga en un sistema MPI?,Reducción en la duración de la inyección.,Aumento en la duración de la inyección durante la fase de ralentí.,Variación en la frecuencia de la señal.,Prolongación en la duración de la inyección.,Prolongación en la duración de la inyección.
222,"Chasis, Suspensión y Frenos",¿Cuál es la misión principal del sistema de suspensión?,Aumentar la velocidad,Reducir el peso del vehículo,Asegurar confort y estabilidad,Mejorar el consumo de combustible,Asegurar confort y estabilidad
223,"Chasis, Suspensión y Frenos",¿Qué elemento de la suspensión absorbe las irregularidades del camino?,Barra estabilizadora,Amortiguador,Eje rígido,Rack de dirección,Amortiguador
224,"Chasis, Suspensión y Frenos",¿Cuál es un elemento elástico de la suspensión?,Amortiguador,Muelle helicoidal,Barra de torsión del freno,Pinza de freno,Muelle helicoidal
225,"Chasis, Suspensión y Frenos",¿Qué tipo de suspensión es más común en vehículos modernos?,Rígida,Semirrígida,Independiente,Neumática,Independiente
226,"Chasis, Suspensión y Frenos",¿Qué sistema utiliza aire comprimido como elemento elástico?,Suspensión rígida,Suspensión hidráulica,Suspensión neumática,Suspensión mecánica,Suspensión neumática
227,"Chasis, Suspensión y Frenos",¿Qué elemento une la carrocería con las ruedas y controla el movimiento vertical?,Tirantes,Muelles,Rótulas,Pastillas,Muelles
228,"Chasis, Suspensión y Frenos",¿Cuál es la función de la barra estabilizadora?,Mejorar la frenada,Reducir el balanceo en curvas,Aumentar la potencia,Lubricar los amortiguadores,Reducir el balanceo en curvas
229,"Chasis, Suspensión y Frenos",¿Qué componente amplifica la fuerza que aplica el conductor en el volante?,Eje rígido,Servoasistencia,Amortiguador,Bomba hidráulica de freno,Servoasistencia
230,"Chasis, Suspensión y Frenos",¿Qué sistema usa un motor eléctrico para asistir la dirección?,Hidráulico,Electrohidráulico,Eléctrico (EPS),Mecánico,Eléctrico (EPS)
231,"Chasis, Suspensión y Frenos",¿Qué ángulo de la dirección se mide en grados y afecta el desgaste del neumático?,Avance,Caída,Convergencia,Desmultiplicación,Caída
232,"Chasis, Suspensión y Frenos",¿Qué elemento produce la fuerza de frenado en un freno de disco?,Tambor,Zapatillas,Pastillas,Servo,Pastillas
233,"Chasis, Suspensión y Frenos",¿Qué líquido transmite presión en un sistema hidráulico de frenos?,Refrigerante,Aceite motor,Líquido DOT,Grasa multiuso,Líquido DOT
234,"Chasis, Suspensión y Frenos",¿Qué sistema mantiene detenido el vehículo en reposo?,Freno hidráulico delantero,Freno de disco trasero,Freno de estacionamiento,ABS,Freno de estacionamiento
235,"Chasis, Suspensión y Frenos",¿Qué componente genera vacío para asistir al frenado?,Alternador,Bomba de vacío,Radiador,Catalizador,Bomba de vacío
236,"Chasis, Suspensión y Frenos",¿Qué sistema evita que las ruedas se bloqueen al frenar?,ESP,ABS,TCS,EBD,ABS
237,"Chasis, Suspensión y Frenos",¿Qué significa ESP?,Sistema de potencia electrónica,Programa electrónico de estabilidad,Sensores de presión estática,Sistema eléctrico primario,Programa electrónico de estabilidad
238,"Chasis, Suspensión y Frenos",¿Qué elemento principal posee el freno de tambor?,Pastillas,Pinza,Zapatillas,Caliper,Zapatillas
239,"Chasis, Suspensión y Frenos",El ángulo de avance afecta principalmente:,Estabilidad direccional,Altura del vehículo,Ancho de vía,Relación de compresión,Estabilidad direccional
240,"Chasis, Suspensión y Frenos",El sistema TCS actúa sobre:,Vibraciones,Frenos y motor,Dirección asistida,Amortiguadores,Frenos y motor
241,"Chasis, Suspensión y Frenos",¿Qué tipo de freno usa un caliper?,Tambor,Hidráulico,Disco,Estacionamiento mecánico,Disco
242,"Chasis, Suspensión y Frenos",¿Qué elemento se acciona desde el pedal?,Amortiguador,Caja de dirección,Bomba de freno,Barra estabilizadora,Bomba de freno
243,"Chasis, Suspensión y Frenos",La distancia de parada depende principalmente de:,Color del vehículo,Tipo de amortiguador,Adherencia y fuerza de frenado,Capacidad del alternador,Adherencia y fuerza de frenado
244,"Chasis, Suspensión y Frenos",¿Qué componente conecta el volante con la caja de dirección?,Bielas,Columna de dirección,Muelles,Rótulas,Columna de dirección
245,"Chasis, Suspensión y Frenos",¿Qué tipo de sistema compensa el reparto de frenado?,ABS,EBD/corrector,ESP,TCS,EBD/corrector
246,"Chasis, Suspensión y Frenos",¿Qué elemento evita vibraciones excesivas de la suspensión?,Muelles,Amortiguadores,Tirantes,Casquillos,Amortiguadores
247,"Chasis, Suspensión y Frenos",¿Qué fenómeno se produce cuando la frecuencia de vibración del vehículo coincide con la del camino?,Cavitación,Resonancia,Amortiguación,Deriva,Resonancia
248,"Chasis, Suspensión y Frenos",¿Qué suspensión permite el movimiento independiente de cada rueda?,Rígida,Doble eje,Independiente,Semirrígida,Independiente
249,"Chasis, Suspensión y Frenos",En una suspensión neumática, el control de altura depende de:,Muelles auxiliares,Sensor de nivel y compresor,Tirantes,ABS,Sensor de nivel y compresor
250,"Chasis, Suspensión y Frenos",¿Qué componente define la dureza del amortiguador?,Diámetro del pistón,Longitud del vástago,Viscosidad del aceite,Longitud del muelle,Viscosidad del aceite
251,"Chasis, Suspensión y Frenos",¿Qué tipo de dirección utiliza piñón y cremallera?,De bolas recirculantes,De tornillo sin fin,Mecánica simple,De cremallera,De cremallera
252,"Chasis, Suspensión y Frenos",¿Cuál es la ventaja principal de la servoasistencia eléctrica sobre la hidráulica?,Mayor peso,Menor consumo de energía,Más compleja,No requiere sensores,Menor consumo de energía
253,"Chasis, Suspensión y Frenos",¿Qué ángulo se relaciona directamente con el retorno natural del volante?,Caída,Convergencia,Avance,Divergencia,Avance
254,"Chasis, Suspensión y Frenos",La geometría Ackermann está diseñada para:,Reducir la distancia de frenado,Lograr que las ruedas giren con diferentes radios en una curva,Evitar vibraciones,Mejorar la amortiguación,Lograr que las ruedas giren con diferentes radios en una curva
255,"Chasis, Suspensión y Frenos",¿Qué factor incrementa la distancia de frenado?,Neumáticos nuevos,Mayor adherencia,Pavimento mojado,Frenos nuevos,Pavimento mojado
256,"Chasis, Suspensión y Frenos",El fading de frenos ocurre por:,Exceso de humedad,Sobrecalentamiento,Falta de vacío,Aire en el sistema,Sobrecalentamiento
257,"Chasis, Suspensión y Frenos",En un freno de disco, las pastillas se retraen por:,Presión negativa,Elasticidad de los sellos,Embrague centrífugo,Acción del ABS,Elasticidad de los sellos
258,"Chasis, Suspensión y Frenos",El freno de tambor tiene como ventaja:,Mejor disipación térmica,Menor peso,Mejor multiplicación de fuerza,Menor desgaste,Mejor multiplicación de fuerza
259,"Chasis, Suspensión y Frenos",¿Qué circuito de frenos es más seguro?,Línea simple,Doble circuito diagonal,Frenado lineal,Neumático simple,Doble circuito diagonal
260,"Chasis, Suspensión y Frenos",El corrector de frenado actúa principalmente sobre:,Ruedas delanteras,Ruedas traseras,Caja de dirección,Amortiguadores,Ruedas traseras
261,"Chasis, Suspensión y Frenos",La eficacia del ABS depende directamente de:,Longitud del chasis,Señal de los sensores de rueda,Tipo de amortiguador,Peso del conductor,Señal de los sensores de rueda
262,"Chasis, Suspensión y Frenos",El TCS evita el patinamiento mediante:,Aumentar la presión del freno trasero,Reducir la potencia del motor y aplicar freno selectivo,Bloquear ruedas,Cortar la dirección,Reducir la potencia del motor y aplicar freno selectivo
263,"Chasis, Suspensión y Frenos",El ESP actúa principalmente:,En rectas,Para evitar el subviraje o sobreviraje,Solo a altas velocidades,Solo con ABS activado,Para evitar el subviraje o sobreviraje
264,"Chasis, Suspensión y Frenos",Los sistemas de freno neumáticos se usan comúnmente en:,Autos compactos,Motocicletas,Vehículos pesados,Bicicletas,Vehículos pesados
265,"Chasis, Suspensión y Frenos",En un Mastervac, la fuerza aplicada al pistón del freno se incrementa por:,Resorte principal,Diferencia de presión,Circuito de aceite,Correa del motor,Diferencia de presión
266,"Chasis, Suspensión y Frenos",Un ralentizador hidrodinámico actúa mediante:,Pastillas,Aceite y turbina,Aire comprimido,Frenos eléctricos,Aceite y turbina
267,"Chasis, Suspensión y Frenos",¿Qué sensor es fundamental para el ABS?,Sensor MAP,Sensor TPS,Sensor de velocidad de rueda,Sensor lambda,Sensor de velocidad de rueda
268,"Chasis, Suspensión y Frenos",¿Qué sistema permite mantener la trayectoria al frenar en curva?,ABS,ESP,TCS,EBD,ESP
269,"Chasis, Suspensión y Frenos",¿Cuál es un síntoma de mala geometría de dirección?,Motor vibra,Ruido en la caja de cambios,Desgaste irregular de neumáticos,Baja presión de aceite,Desgaste irregular de neumáticos
270,"Chasis, Suspensión y Frenos",¿Qué elemento hidráulico transforma la fuerza del pedal en presión?,Pinza,Caliper,Bomba de freno,Servo,Bomba de freno
271,"Chasis, Suspensión y Frenos",¿Qué sucede si la frecuencia natural de la suspensión es demasiado baja?,El vehículo se vuelve rígido,Aumenta el balanceo y mareo del pasajero,Aumenta la capacidad de carga,Disminuye la absorción de impactos,Aumenta el balanceo y mareo del pasajero
272,"Chasis, Suspensión y Frenos",Para calcular la frecuencia natural de un sistema masa-resorte se usa:,f = k·x,f = √(k/m),f = (m·k)/x,f = m²/k,f = √(k/m)
273,"Chasis, Suspensión y Frenos",En suspensión hidractiva, la rigidez depende de:,Barra estabilizadora,Superficie del pistón,Presión del fluido y esfera acumuladora,Viscosidad del aceite del motor,Presión del fluido y esfera acumuladora
274,"Chasis, Suspensión y Frenos",En sistemas de amortiguación variable, el ajuste por viscosidad se logra mediante:,Modificación de presión de aire,Válvulas electrónicas que alteran la densidad aparente,Electro-válvulas que modifican canales de flujo,Cambios mecánicos en los muelles,Electro-válvulas que modifican canales de flujo
275,"Chasis, Suspensión y Frenos",En dirección de cremallera, la relación de desmultiplicación depende de:,Número de dientes del piñón,Longitud del semieje,Ángulo de caída,Presión en el sistema,Número de dientes del piñón
276,"Chasis, Suspensión y Frenos",¿Qué falla puede causar dureza intermitente en un sistema EPS?,Aire en el circuito,Fallo en sensor de torque,Fuga de líquido,Bomba defectuosa,Fallo en sensor de torque
277,"Chasis, Suspensión y Frenos",El sobreviraje ocurre cuando:,El eje delantero pierde adherencia,El eje trasero pierde adherencia,El vehículo se eleva,El volante no regresa,El eje trasero pierde adherencia
278,"Chasis, Suspensión y Frenos",El subviraje se corrige por el ESP actuando sobre:,Rueda delantera interior,Rueda delantera exterior,Rueda trasera interior,Rueda trasera exterior,Rueda delantera interior
279,"Chasis, Suspensión y Frenos",El coeficiente de adherencia influye directamente en:,Caída,Longitud de los brazos oscilantes,Fuerza de frenado máxima posible,Viscosidad del líquido de frenos,Fuerza de frenado máxima posible
280,"Chasis, Suspensión y Frenos",El fading de pastillas es mayor cuando:,Las pastillas están frías,Hay humedad,Se alcanzan temperaturas críticas del material,El pedal se acciona lentamente,Se alcanzan temperaturas críticas del material
281,"Chasis, Suspensión y Frenos",En un freno de disco ventilado, la disipación térmica mejora por:,Mayor masa,Circulación interna de aire,Material cerámico,Mayor espesor del caliper,Circulación interna de aire
282,"Chasis, Suspensión y Frenos",¿Qué parámetro permite identificar un freno hidráulico contaminado?,Color rojo,Alto punto de ebullición,Tono oscuro y humedad,Olor a gasolina,Tono oscuro y humedad
283,"Chasis, Suspensión y Frenos",En un sistema de freno neumático, el tiempo de respuesta depende de:,Tamaño del caliper,Longitud de las tuberías y presión,Tipo de ABS,Ángulo de dirección,Longitud de las tuberías y presión
284,"Chasis, Suspensión y Frenos",El hidrovac utiliza como fuente de asistencia:,Diferencia de presión con líquido hidráulico,Aire comprimido,Aceite de motor,Combustible vaporizado,Diferencia de presión con líquido hidráulico
285,"Chasis, Suspensión y Frenos",El ralentizador eléctrico utiliza:,Corriente inducida,Flujo hidráulico,Vacío en el múltiple,Acción mecánica,Corriente inducida
286,"Chasis, Suspensión y Frenos",El ABS modula la presión de frenado mediante:,Válvulas hidráulicas de apertura rápida,Muelles reguladores,Amortiguadores electrónicos,Bombas de combustible,Válvulas hidráulicas de apertura rápida
287,"Chasis, Suspensión y Frenos",La distancia de parada mínima se logra cuando:,Se bloquean las ruedas,Existe adherencia máxima sin bloqueo,El ABS deja de actuar,El vehículo está frío,Existe adherencia máxima sin bloqueo
288,"Chasis, Suspensión y Frenos",¿Qué causa vibración en el pedal durante el ABS?,Aire en el sistema,Activación de la bomba moduladora,Tambor ovalado,Rótula dañada,Activación de la bomba moduladora
289,"Chasis, Suspensión y Frenos",¿Qué sistema utiliza yaw rate y ángulo de dirección para estabilizar el vehículo?,ABS,ESP,EBD,TCS,ESP
290,"Chasis, Suspensión y Frenos",En análisis térmico del freno, la energía a disipar depende de:,Peso del conductor,Masa del vehículo y velocidad inicial,Relación de dirección,Color del vehículo,Masa del vehículo y velocidad inicial
291,"Chasis, Suspensión y Frenos",¿Qué factor incrementa la probabilidad de subviraje?,Transferencia de carga al eje trasero,Neumáticos delanteros desgastados,Rígida trasera,Suspensión blanda trasera,Neumáticos delanteros desgastados
292,"Chasis, Suspensión y Frenos",En geometría de dirección, un avance negativo produce:,Mayor estabilidad,Retorno rápido del volante,Dirección inestable y ligera,Desgaste uniforme,Dirección inestable y ligera
293,"Chasis, Suspensión y Frenos",El cálculo del reparto de frenado considera:,Transferencia dinámica de carga,Color de las pastillas,Tipo de aceite del motor,Nivel de combustible,Transferencia dinámica de carga
294,"Chasis, Suspensión y Frenos",La potencia de frenado requerida para un vehículo pesado aumenta con:,Disminución de masa,Mayor velocidad y pendiente,Menor tamaño de llantas,Mayor presión de llantas,Mayor velocidad y pendiente
295,"Chasis, Suspensión y Frenos",Un fallo en un sensor de rueda del ABS provoca:,Activación permanente del ABS,Desactivación del sistema y luz encendida,Aumento de frenado,Disminución del desgaste,Desactivación del sistema y luz encendida
296,"Tren de Fuerza Motriz",¿Cuál es la función principal del embrague en un vehículo?,Transmitir potencia del motor a las ruedas,Interrumpir la potencia del motor a la caja de cambios,Aumentar el par motor,Reducir la velocidad del motor,Interrumpir la potencia del motor a la caja de cambios
297,"Tren de Fuerza Motriz",¿Dónde se ubica el embrague en el vehículo?,Entre la caja de cambios y el diferencial,Unido al volante de inercia,Dentro del cárter del motor,En el eje secundario de la transmisión,Unido al volante de inercia
298,"Tren de Fuerza Motriz",¿Qué característica permite que el vehículo arranque suavemente?,Elasticidad,Rigidez,Progresividad,Inercia,Progresividad
299,"Tren de Fuerza Motriz",¿Cuál es el tipo de embrague más utilizado en turismos?,Multidisco,Bidisco,Monodisco,Hidráulico,Monodisco
300,"Tren de Fuerza Motriz",¿Qué componente presiona el disco contra el volante?,Horquilla,Plato de presión,Collarín,Cojinete piloto,Plato de presión
301,"Tren de Fuerza Motriz",¿Qué tipo de accionamiento utiliza líquido hidráulico para desembragar?,Mecánico por cable,Automático,Hidráulico,Electromecánico,Hidráulico
302,"Tren de Fuerza Motriz",¿Cuál es la función del volante o dámper en el sistema de embrague?,Reducir la velocidad del motor,Absorber vibraciones y permitir el arranque del motor,Multiplicar el par motor,Regular la presión del aceite,Absorber vibraciones y permitir el arranque del motor
303,"Tren de Fuerza Motriz",¿Qué sucede cuando el pedal del embrague está presionado?,El disco transmite el par motor,El embrague está embragado,El motor se acopla a la caja de cambios,El embrague está desembragado,El embrague está desembragado
304,"Tren de Fuerza Motriz",¿Cuál es la función del collarín en el sistema de embrague?,Transmitir el par motor,Presionar el diafragma para liberar el disco,Absorber vibraciones del cigüeñal,Regular la presión del aceite,Presionar el diafragma para liberar el disco
305,"Tren de Fuerza Motriz",¿Qué tipo de embrague se utiliza en motocicletas y cajas automáticas?,Monodisco,Bidisco,Multidisco en baño de aceite,Hidráulico seco,Multidisco en baño de aceite
306,"Tren de Fuerza Motriz",¿Cuál es la función de los resortes en el disco de embrague flexible?,Aumentar la fricción,Amortiguar impulsos del motor,Reducir la presión del plato,Evitar el desgaste del volante,Amortiguar impulsos del motor
307,"Tren de Fuerza Motriz",¿Qué tipo de accionamiento no requiere pedal de embrague?,Mecánico por cable,Hidráulico,Automático electrohidráulico,Mecánico por varillaje,Automático electrohidráulico
308,"Tren de Fuerza Motriz",¿Qué elemento adicional incorpora el convertidor hidráulico respecto al embrague hidráulico?,Diafragma,Estator o reactor,Collarín,Horquilla,Estator o reactor
309,"Tren de Fuerza Motriz",¿Cuál es la función del convertidor hidráulico de par?,Multiplicar el par motor y permitir transmisión suave,Reducir la velocidad del motor,Aumentar la presión del aceite,Desacoplar el motor sin pérdida de energía,Multiplicar el par motor y permitir transmisión suave
310,"Tren de Fuerza Motriz",¿Qué tipo de embrague se utiliza en vehículos deportivos o industriales de gran tonelaje?,Monodisco,Bidisco,Multidisco,Hidráulico,Bidisco
311,"Tren de Fuerza Motriz",¿Cuál es la principal ventaja del embrague hidráulico frente al mecánico?,Mayor fricción,Cambios más suaves y menor desgaste,Mayor presión en el plato,Menor consumo de aceite,Cambios más suaves y menor desgaste
312,"Tren de Fuerza Motriz",¿Qué ocurre cuando el embrague no libera correctamente?,El motor se apaga,Las velocidades rascan al insertarlas,El vehículo acelera más rápido,El pedal queda flojo,Las velocidades rascan al insertarlas
313,"Tren de Fuerza Motriz",¿Cuál es la causa más común de patinamiento del embrague?,Fuerza de presión excesiva,Forros desgastados o engrasados,Plato de presión nuevo,Collarín lubricado,Forros desgastados o engrasados
314,"Tren de Fuerza Motriz",¿Qué componente se debe verificar para evitar desalineación entre motor y caja de cambios?,Soporte del motor,Casquillos de centrado,Tornillo de fijación del volante,Junta de la carcasa,Casquillos de centrado
315,"Tren de Fuerza Motriz",¿Qué síntoma indica dureza en el embrague?,Pedal muy suave,Pedal difícil de accionar,Vibraciones al arrancar,Ruidos en el volante,Pedal difícil de accionar
316,"Tren de Fuerza Motriz",¿Por qué el convertidor hidráulico puede actuar como multiplicador de par?,Por el diseño helicoidal de los álabes y el estator,Por el aumento del diámetro del volante,Por la presión del aceite en la bomba,Por la reducción del coeficiente de fricción,Por el diseño helicoidal de los álabes y el estator
317,"Tren de Fuerza Motriz",¿Cuál es la función principal de la caja de cambios en un vehículo?,Aumentar la potencia del motor,Adaptar el par motor y la velocidad a las condiciones de marcha,Mejorar la economía de combustible,Controlar la temperatura del motor,Adaptar el par motor y la velocidad a las condiciones de marcha
318,"Tren de Fuerza Motriz",¿Qué tipo de engranajes son más utilizados en las cajas de cambios por su funcionamiento silencioso?,Rectos,Helicoidales,Sin fin,Planetarios,Helicoidales
319,"Tren de Fuerza Motriz",¿Por qué un vehículo no podría alcanzar velocidad adecuada si no tuviera caja de cambios?,Porque el motor no tendría fuerza suficiente para arrancar en relación directa,Porque aumentaría el consumo de combustible,Porque se bloquearía el diferencial,Porque el embrague no funcionaría,Porque el motor no tendría fuerza suficiente para arrancar en relación directa
320,"Tren de Fuerza Motriz",¿Cuál es la ventaja principal de los engranajes helicoidales frente a los rectos?,Son más económicos,Son más silenciosos y duraderos,No requieren lubricación,No necesitan sincronización,Son más silenciosos y duraderos
321,"Tren de Fuerza Motriz",¿Cómo se clasifican las cajas de cambios manuales?,Sincronizadas y automáticas,Sincronizadas y no sincronizadas,Hidráulicas y mecánicas,Manuales y eléctricas,Sincronizadas y no sincronizadas
322,"Tren de Fuerza Motriz",¿Qué componente permite engranar las diferentes relaciones de transmisión en la caja de cambios?,Árbol primario,Horquillas de selección,Piñón de marcha atrás,Sincronizador,Horquillas de selección
323,"Tren de Fuerza Motriz",¿Cuál es la función del piñón de marcha atrás?,Aumentar la velocidad del vehículo,Cambiar el sentido de giro del árbol de salida,Reducir el par motor,Sincronizar las marchas,Cambiar el sentido de giro del árbol de salida
324,"Tren de Fuerza Motriz",¿Qué ventaja ofrece la caja sincronizada frente a la no sincronizada?,Mayor velocidad máxima,Menor desgaste y funcionamiento más silencioso,No necesita aceite,No requiere mantenimiento,Menor desgaste y funcionamiento más silencioso
325,"Tren de Fuerza Motriz",¿Qué elemento conecta el árbol primario con el motor?,Sincronizador,Disco de embrague,Horquilla,Piñón loco,Disco de embrague
326,"Tren de Fuerza Motriz",¿Qué tipo de engranajes se utilizan en la caja no sincronizada?,Helicoidales,Rectos,Planetarios,Sin fin,Rectos
327,"Tren de Fuerza Motriz",¿Cuál es la función del árbol secundario?,Transmitir el par motor al embrague,Llevar los piñones sincronizados y transmitir movimiento a las ruedas,Cambiar el sentido de giro,Regular la presión del aceite,Llevar los piñones sincronizados y transmitir movimiento a las ruedas
328,"Tren de Fuerza Motriz",¿Qué dispositivo evita que las marchas rasquen al engranar?,Horquilla,Sincronizador,Piñón loco,Árbol intermediario,Sincronizador
329,"Tren de Fuerza Motriz",¿Cuál es la función del árbol intermediario (masa)?,Llevar piñones fijos y transmitir el par del primario,Engranar la marcha atrás,Regular la velocidad del motor,Sincronizar las marchas,Llevar piñones fijos y transmitir el par del primario
330,"Tren de Fuerza Motriz",¿Qué tipo de sincronizador utiliza un anillo elástico?,Cono y esfera,Cono y cerrojo,Anillo de sincronización elástico,Sin fin,Anillo de sincronización elástico
331,"Tren de Fuerza Motriz",¿Qué síntoma indica falta de aceite en la caja de cambios?,Vibraciones al arrancar,Ruido general en la caja,Marchas que se salen,Pedal duro,Ruido general en la caja
332,"Tren de Fuerza Motriz",¿Qué causa que todas las marchas entren con dificultad (descartando el embrague)?,Sincronizador roto,Varillaje desalineado o con holgura,Piñón loco desgastado,Árbol primario roto,Varillaje desalineado o con holgura
333,"Tren de Fuerza Motriz",¿Qué avería se produce si las marchas se salen durante la conducción?,Sincronizador desgastado,Sistema de enclavamiento defectuoso,Árbol secundario roto,Piñón de retro roto,Sistema de enclavamiento defectuoso
334,"Tren de Fuerza Motriz",¿Qué precaución se debe tomar antes de desmontar la caja de cambios?,Llenar el aceite,Asegurarse que la avería está en la caja,Desmontar el embrague primero,Ajustar el varillaje,Asegurarse que la avería está en la caja
335,"Tren de Fuerza Motriz",¿Qué elementos deben renovarse al ensamblar la caja de cambios?,Solo los piñones,Tuercas autofrenantes, retenes y anillos sincronizadores,Árbol primario y secundario,Horquillas y cojinetes,Tuercas autofrenantes, retenes y anillos sincronizadores
336,"Tren de Fuerza Motriz",¿Qué herramienta se recomienda para extraer pasadores?,Llave inglesa,Botadores de precisión,Alicates,Imán,Botadores de precisión
337,"Tren de Fuerza Motriz",¿Qué se debe verificar al montar un circlip?,Que quede flojo para evitar presión,Que encaje justo en su canaladura,Que esté lubricado,Que se monte sin arandela,Que encaje justo en su canaladura
338,"Tren de Fuerza Motriz",¿Cuál es la función principal de una transmisión automática?,Mejorar la comodidad de conducción,Proporcionar diferentes rangos de velocidad y multiplicar el par motor,Facilitar el arranque suave sin intervención del conductor,Reducir el desgaste del embrague,Proporcionar diferentes rangos de velocidad y multiplicar el par motor
339,"Tren de Fuerza Motriz",¿Qué componente conecta el motor con la transmisión automática?,Embrague monodisco,Convertidor de par,Correa metálica,Árbol secundario,Convertidor de par
340,"Tren de Fuerza Motriz",¿Qué ventaja ofrece la transmisión automática frente a la manual?,Mayor consumo,Cambios más bruscos,Arranque suave y comodidad,Necesidad de operar el embrague manualmente,Arranque suave y comodidad
341,"Tren de Fuerza Motriz",¿Qué tipo de engranajes utilizan las cajas automáticas convencionales?,Helicoidales,Epicicloidales o planetarios,Rectos,Sin fin,Epicicloidales o planetarios
342,"Tren de Fuerza Motriz",¿Qué significa la posición “P” en la palanca selectora?,Punto muerto,Park: bloqueo mecánico de la transmisión,Primera velocidad,Overdrive,Park: bloqueo mecánico de la transmisión
343,"Tren de Fuerza Motriz",¿Qué posición permite arrancar el motor sin mover el vehículo?,D,R,N,S,N
344,"Tren de Fuerza Motriz",¿Qué posición se utiliza para marcha atrás?,P,R,OD,1,R
345,"Tren de Fuerza Motriz",¿Cuál es la función del convertidor de par además de transmitir potencia?,Multiplicar el par motor y permitir acoplamiento hidráulico,Reducir la velocidad del motor,Eliminar el diferencial,Controlar la presión del aceite,Multiplicar el par motor y permitir acoplamiento hidráulico
346,"Tren de Fuerza Motriz",¿Qué componente genera la presión hidráulica en la transmisión automática?,Sensor de velocidad,Bomba de aceite,Embrague de discos,Gobernador,Bomba de aceite
347,"Tren de Fuerza Motriz",¿Qué tipo de transmisión permite infinitas relaciones sin escalonamiento?,DSG,CVT,Epicicloidal,Manual sincronizada,CVT
348,"Tren de Fuerza Motriz",¿Cómo se logra la variación de relación en una CVT?,Por engranajes helicoidales,Por poleas cónicas y correa metálica,Por embragues multidisco,Por trenes planetarios,Por poleas cónicas y correa metálica
349,"Tren de Fuerza Motriz",¿Qué posición se recomienda para máxima eficiencia y economía de combustible?,1,OD (Overdrive),S,R,OD (Overdrive)
350,"Tren de Fuerza Motriz",¿Qué función cumple el cuerpo de válvulas en la transmisión automática?,Lubricar los engranajes,Controlar la dirección y presión del fluido,Multiplicar el par motor,Bloquear el diferencial,Controlar la dirección y presión del fluido
351,"Tren de Fuerza Motriz",¿Qué ventaja ofrece el cambio DSG frente a una automática convencional?,Cambios más lentos,Uso de convertidor de par,Cambios más rápidos y sin interrupción de tracción,No requiere gestión electrónica,Cambios más rápidos y sin interrupción de tracción
352,"Tren de Fuerza Motriz",¿Qué componente evita que el vehículo ruede en posición “P”?,Embrague de discos,Trinquete de estacionamiento,Sensor de velocidad,Porta planetarios,Trinquete de estacionamiento
353,"Tren de Fuerza Motriz",¿Qué sucede si se selecciona “P” con el vehículo en movimiento?,No ocurre nada,Se bloquea el diferencial,Puede dañar internamente la transmisión,Activa el freno de estacionamiento automáticamente,Puede dañar internamente la transmisión
354,"Tren de Fuerza Motriz",¿Qué tipo de tren epicicloidal se utiliza en cajas automáticas compactas de 4 velocidades?,Simpson,Wilson,Ravigneaux,Helicoidal,Ravigneaux
355,"Tren de Fuerza Motriz",¿Qué precaución es fundamental en el mantenimiento de una CVT?,Cambiar la correa por una de goma,Mantener la presión correcta y usar aceite especificado,Ajustar manualmente las poleas,Eliminar el convertidor de par,Mantener la presión correcta y usar aceite especificado
356,"Tren de Fuerza Motriz",¿Qué componente gestiona electrónicamente el cambio DSG?,Gobernador,Unidad Mecatronic,Convertidor de par,Sensor MAP,Unidad Mecatronic
357,"Tren de Fuerza Motriz",¿Qué ocurre en DSG cuando el vehículo circula en tercera?,La cuarta marcha ya está engranada y lista para activarse,El embrague K2 está cerrado,El árbol inversor está bloqueado,Se activa el modo Sport,La cuarta marcha ya está engranada y lista para activarse
358,"Tren de Fuerza Motriz",¿Qué posición se utiliza para conducción deportiva en DSG?,P,N,S,OD,S
359,"Tren de Fuerza Motriz",¿Cuál es la función principal del diferencial convencional en un vehículo?,Aumentar la velocidad del motor,Permitir que las ruedas giren a diferentes velocidades en curvas,Reducir el consumo de combustible,Bloquear el eje trasero,Permitir que las ruedas giren a diferentes velocidades en curvas
360,"Tren de Fuerza Motriz",¿Qué componente transmite el movimiento desde la caja de cambios al diferencial?,Árbol de transmisión,Palieres,Piñón de ataque,Corona,Árbol de transmisión
361,"Tren de Fuerza Motriz",¿Cómo se denomina el piñón que engrana con la corona del diferencial?,Piñón loco,Piñón de ataque,Piñón planetario,Piñón satélite,Piñón de ataque
362,"Tren de Fuerza Motriz",¿Qué tipo de engranajes se encuentran dentro del mecanismo diferencial?,Helicoidales y planetarios,Rectos y satélites,Planetarios y satélites,Sin fin,Planetarios y satélites
363,"Tren de Fuerza Motriz",¿Qué sucede si no existiera el diferencial?,El vehículo no arrancaría,Las ruedas patinarían en curvas,Aumentaría la velocidad,Se reduciría el par motor,Las ruedas patinarían en curvas
364,"Tren de Fuerza Motriz",¿Qué elemento conecta el diferencial con las ruedas motrices?,Árbol primario,Semiárboles o palieres,Árbol secundario,Junta cardán,Semiárboles o palieres
365,"Tren de Fuerza Motriz",¿Qué tipo de junta se utiliza comúnmente en el árbol de transmisión?,Junta homocinética,Junta cardán,Junta universal,Junta flexible,Junta cardán
366,"Tren de Fuerza Motriz",¿Cuál es la función del piñón de ataque y la corona?,Transmitir el par motor a las ruedas,Reducir la velocidad y aumentar el par,Bloquear el diferencial,Regular la presión del aceite,Reducir la velocidad y aumentar el par
367,"Tren de Fuerza Motriz",¿Qué tipo de unión permite transmitir movimiento, aunque los ejes no estén alineados?,Junta cardán,Junta homocinética,Junta flexible,Ambas A y B,Ambas A y B
368,"Tren de Fuerza Motriz",¿Qué característica tiene la junta homocinética frente a una junta cardán?,Transmite movimiento con velocidad constante en cualquier ángulo,No requiere lubricación,Es más económica,Elimina el uso de crucetas,Transmite movimiento con velocidad constante en cualquier ángulo
369,"Tren de Fuerza Motriz",¿Qué tipo de dientes tiene el piñón y la corona en la mayoría de diferenciales?,Rectos,Helicoidales,Cónicos helicoidales,Sin fin,Cónicos helicoidales
370,"Tren de Fuerza Motriz",¿Qué función cumple el árbol de transmisión en vehículos largos?,Transmitir par motor entre caja y diferencial,Reducir la velocidad del motor,Bloquear el diferencial,Aumentar la potencia,Transmitir par motor entre caja y diferencial
371,"Tren de Fuerza Motriz",¿Qué elemento absorbe variaciones de longitud en el árbol de transmisión?,Junta cardán,Manguito deslizante,Cruceta,Horquilla,Manguito deslizante
372,"Tren de Fuerza Motriz",¿Qué tipo de diferencial permite bloquearse automáticamente en condiciones críticas?,Diferencial libre,Diferencial ASD,Diferencial planetario,Diferencial hipoide,Diferencial ASD
373,"Tren de Fuerza Motriz",¿Qué ventaja ofrece el diseño hipoide frente al cónico convencional?,Menor contacto entre dientes,Mayor transmisión de par y suavidad,No necesita lubricación,Reduce el tamaño del diferencial,Mayor transmisión de par y suavidad
374,"Tren de Fuerza Motriz",¿Qué ocurre cuando el vehículo toma una curva?,Ambas ruedas giran igual,El diferencial ajusta la velocidad de cada rueda,Las ruedas interiores giran más rápido,Se bloquea la corona,El diferencial ajusta la velocidad de cada rueda
375,"Tren de Fuerza Motriz",¿Qué precaución se debe tomar al montar el diferencial?,Ajustar la holgura entre piñón y corona,Lubricar con grasa sólida,Bloquear los satélites,Reducir el número de dientes,Ajustar la holgura entre piñón y corona
376,"Tren de Fuerza Motriz",¿Qué componente se verifica para evitar ruidos por exceso de carga?,Palieres,Ajuste del piñón y corona,Junta cardán,Cruceta,Ajuste del piñón y corona
377,"Tren de Fuerza Motriz",¿Qué función cumple la caja de transferencia en vehículos todo terreno?,Aumentar la velocidad,Reducir el par motor,Incrementar el par mediante desmultiplicación,Bloquear el diferencial,Incrementar el par mediante desmultiplicación
378,"Tren de Fuerza Motriz",¿Qué tipo de reductora utiliza engranajes planetarios?,Caja manual,Caja de transferencia avanzada,Diferencial libre,Árbol primario,Caja de transferencia avanzada
379,"Tren de Fuerza Motriz",¿Qué elemento permite variar la longitud del árbol de transmisión?,Cruceta,Manguito deslizante,Junta homocinética,Horquilla,Manguito deslizante
